Date,Title,Genre
30-06-22,Sharkdog (TV Series),TV Series
29-06-22,Beauty ,Romance
29-06-22,Pirate Gold of Adak Island (TV Series),TV Series
29-06-22,The Upshaws (TV Series),TV Series
28-06-22,Blasted ,Action
28-06-22,Cristela Alonzo: Middle Classy (TV),Documentary
27-06-22,Chip and Potato: Chip's Holiday (TV),Animation
24-06-22,The Man from Toronto ,Comedy
24-06-22,Man vs. Bee (TV Series),TV Series
24-06-22,Angry Birds: Summer Madness (TV Series),TV Series
24-06-22,Glamour Girls ,Drama
23-06-22,Queen (TV Miniseries),TV Series
23-06-22,First Class (TV Series),TV Series
22-06-22,The Umbrella Academy (TV Series),TV Series
22-06-22,The Hidden Lives of Pets (TV Series),TV Series
22-06-22,Love & Gelato ,Romance
21-06-22,The Future Of (TV Series),Documentary
20-06-22,Doom of Love ,Drama
19-06-22,Civil ,Documentary
18-06-22,Spriggan (TV Series),TV Series
17-06-22,Spiderhead ,Sci-Fi
17-06-22,She (TV Series),TV Series
17-06-22,The Martha Mitchell Effect ,Documentary
17-06-22,You Don't Know Me (TV Series),TV Series
17-06-22,The War Next-Door (TV Series),TV Series
16-06-22,Dead End: Paranormal Park (TV Series),TV Series
16-06-22,Love & Anarchy (TV Series),TV Series
16-06-22,Collision ,Thriller
16-06-22,"Sing, Dance, Act: Kabuki featuring Toma Ikuta ",Documentary
15-06-22,The Wrath of God ,Thriller
15-06-22,God's Favorite Idiot (TV Series),TV Series
15-06-22,Centauro ,Action
15-06-22,Maldivas (TV Series),TV Series
15-06-22,"Web of Make Believe: Death, Lies and the Internet (TV Series)",TV Series
15-06-22,Heart Parade ,Comedy
14-06-22,Halftime ,Documentary
11-06-22,Amy Schumer's Parental Advisory ,Comedy
10-06-22,Peaky Blinders (TV Series),TV Series
10-06-22,Trees of Peace ,Drama
10-06-22,First Kill (TV Series),TV Series
10-06-22,Intimacy (TV Series),TV Series
08-06-22,Hustle ,Drama
08-06-22,Baby Fever (TV Series),TV Series
08-06-22,Keep Sweet: Pray and Obey (TV Miniseries),TV Series
06-06-22,My Liberation Notes (TV Series),TV Series
06-06-22,Action Pack (TV Series),TV Series
03-06-22,Mr. Good: Cop or Crook? (TV Series),TV Series
03-06-22,Surviving Summer (TV Series),TV Series
03-06-22,Interceptor ,Action
03-06-22,The Perfect Mother (TV Series),TV Series
03-06-22,Green Mothers' Club (TV Series),TV Series
03-06-22,As the Crow Flies (TV Series),TV Series
02-06-22,Borgen - Power & Glory (TV Series),TV Series
01-06-22,Upgrade ,Sci-Fi
01-06-22,Malverde: El santo patrón (TV Series),TV Series
30-05-22,Mighty Little Bheem: I Love Taj Mahal (S),Animation
30-05-22,Norm Macdonald: Nothing Special ,Comedy
26-05-22,My Little Pony: Make Your Mark (TV Series),TV Series
25-05-22,Somebody Feed Phil (TV Series),TV Series
25-05-22,Larva Pendant (TV),Animation
24-05-22,Ricky Gervais: SuperNature (TV),Comedy
23-05-22,Ghost in the Shell: SAC_2045 (TV Series),TV Series
23-05-22,Godspeed ,Drama
23-05-22,Sea of Love (TV Series),TV Series
20-05-22,"Love, Death + Robots. Vol. 3 (TV Miniseries)",TV Series
20-05-22,Jackass 4.5 ,Comedy
20-05-22,"Love, Death + Robots. Vol. 3: Three Robots: Exit Strategies (S)",Animation
20-05-22,"Love, Death + Robots. Vol. 3: Bad Travelling (S)",Animation
20-05-22,"Love, Death + Robots. Vol. 3: Jibaro (S)",Animation
20-05-22,"Love, Death + Robots. Vol. 3: Mason’s Rats (S)",Animation
20-05-22,"Love, Death + Robots. Vol. 3: Swarm (S)",Animation
20-05-22,"Love, Death + Robots. Vol. 3: Kill Team Kill (S)",Animation
20-05-22,"Love, Death + Robots. Vol. 3: In Vaulted Halls Entombed (S)",Animation
20-05-22,"Love, Death + Robots. Vol. 3: Night of the Mini Dead (S)",Animation
20-05-22,"Love, Death + Robots. Vol. 3: The Very Pulse Of The Machine (S)",Animation
20-05-22,F*ck Love Too ,Comedy
19-05-22,The G Word with Adam Conover (TV Series),TV Series
19-05-22,The Boss Baby: Back in the Crib (TV Series),TV Series
19-05-22,The Photographer: Murder in Pinamar ,Documentary
19-05-22,A Perfect Pairing ,Romance
18-05-22,Who Killed Sara? (TV Series),TV Series
18-05-22,Toscana ,Romance
18-05-22,Cyber Hell: Exposing an Internet Horror ,Documentary
18-05-22,Love on the Spectrum U.S. (TV Series),TV Series
17-05-22,Katt Williams: World War III (TV),Comedy
16-05-22,Vampire in the Garden (TV Miniseries),TV Series
13-05-22,Senior Year ,Comedy
13-05-22,The Lincoln Lawyer (TV Series),TV Series
13-05-22,Neumatt (TV Miniseries),TV Series
13-05-22,The Life and Movies of Erşan Kuneri (TV Series),TV Series
12-05-22,Savage Beauty (TV Series),TV Series
12-05-22,MaveriX (TV Series),TV Series
11-05-22,La familia perfecta ,Comedy
11-05-22,Brotherhood (TV Series),TV Series
11-05-22,42 Days of Darkness (TV Series),TV Series
11-05-22,Our Father ,Documentary
11-05-22,The Getaway King ,Action
10-05-22,Once Upon a Time in Euskadi ,Drama
09-05-22,Kōkaku Kidōtai SAC_2045 Jizoku Kanō Sensō ,Animation
08-05-22,Christina P: Mom Genes (TV),Comedy
06-05-22,Welcome to Eden (TV Series),TV Series
06-05-22,The Takedown ,Action
06-05-22,The Sound of Magic (TV Series),TV Series
06-05-22,Thar ,Thriller
06-05-22,Along for the Ride ,Romance
05-05-22,Clark (TV Miniseries),TV Series
05-05-22,The Pentaverate (TV Miniseries),TV Series
05-05-22,Blood Sisters (TV Miniseries),TV Series
05-05-22,Wild Babies (TV Series),TV Series
04-05-22,Summertime (TV Series),TV Series
04-05-22,El marginal 5 (TV Series),TV Series
04-05-22,Cuarentones ,Comedy
04-05-22,Meltdown: Three Mile Island (TV Miniseries),TV Series
03-05-22,Hold Your Breath: The Ice Dive ,Documentary
03-05-22,"¿Nos casamos? Sí, mi amor ",Comedy
03-05-22,Showtime 1958 ,Drama
02-05-22,Octonauts: Above & Beyond (TV Series),Animation
29-04-22,Honeymoon with My Mother ,Comedy
29-04-22,Ozark (TV Series),TV Series
29-04-22,Grace and Frankie (TV Series),TV Series
29-04-22,Rumspringa ,Comedy
28-04-22,Bubble ,Animation
28-04-22,The 7 Lives of Lea (TV Series),TV Series
28-04-22,Samurai Rabbit: The Usagi Chronicles (TV Series),TV Series
27-04-22,The Mystery of Marilyn Monroe: The Unheard Tapes ,Documentary
27-04-22,Silverton Siege ,Action
27-04-22,365 Days: This Day ,Drama
26-04-22,David Spade: Nothing Personal (TV),Comedy
22-04-22,Hold Tight (TV Series),TV Series
22-04-22,Heartstopper (TV Series),TV Series
21-04-22,The Turning Point ,Drama
21-04-22,He's Expecting (TV Series),TV Series
21-04-22,All About Gila ,Comedy
20-04-22,Russian Doll (TV Series),TV Series
20-04-22,The Marked Heart (TV Series),TV Series
20-04-22,Yakamoz S-245 (TV Series),TV Series
20-04-22,Conversations with a Killer: The John Wayne Gacy Tapes (TV Miniseries),TV Series
19-04-22,Pacific Rim: The Black (TV Series),TV Series
19-04-22,White Hot: The Rise & Fall of Abercrombie & Fitch ,Documentary
19-04-22,Battle Kitty (TV Series),TV Series
16-04-22,Fast & Furious: Spy Racers (TV Series),TV Series
16-04-22,The Man of God (AKA Man of God) ,Drama
15-04-22,Los herederos de la tierra (TV Miniseries),TV Series
15-04-22,Choose or Die ,Horror
15-04-22,Anatomy of a Scandal (TV Miniseries),TV Series
15-04-22,Mai: A Mother's Rage (TV Series),TV Series
14-04-22,Ultraman (TV Series),TV Series
13-04-22,Amalgama ,Comedy
13-04-22,Smother-In-Law (TV Series),TV Series
13-04-22,Almost Happy (TV Series),TV Series
13-04-22,The Taming of the Shrewd ,Comedy
13-04-22,Our Great National Parks (TV Miniseries),TV Series
12-04-22,Hard Cell (TV Series),TV Series
12-04-22,The Creature Cases (TV Series),TV Series
09-04-22,Tomorrow (TV Series),TV Series
08-04-22,Senzo: Murder of a Soccer Star (TV Series),TV Series
08-04-22,Dancing on Glass ,Drama
08-04-22,Green Eggs and Ham (TV Series),TV Series
08-04-22,Metal Lords ,Comedy
08-04-22,Dirty Lines (TV Series),TV Series
08-04-22,Yaksha: Ruthless Operations ,Thriller
07-04-22,Return to Space ,Documentary
06-04-22,Jimmy Savile: A British Horror Story (TV Miniseries),Documentary
06-04-22,Furioza ,Action
05-04-22,Ronny Chieng: Speakeasy (TV),Comedy
01-04-22,The Bubble ,Comedy
01-04-22,Apollo 10½: A Space Age Adventure ,Animation
01-04-22,Cocomelon (TV Series),TV Series
01-04-22,Battle: Freestyle ,Drama
01-04-22,The Last Bus (TV Series),TV Series
01-04-22,Celeb Five: Behind the Curtain ,Comedy
01-04-22,Trivia Quest (TV Series),TV Series
